NGSL_word,family_id,representative,family_size,related_NGSL_words
a,,a,1,
abandon,,abandon,1,
ability,NGSL-F0026,able,2,able
able,NGSL-F0026,able,2,ability
abortion,,abortion,1,
about,,about,1,
above,,above,1,
abroad,,abroad,1,
absence,,absence,1,
absolute,NGSL-F0027,absolute,2,absolutely
absolutely,NGSL-F0027,absolute,2,absolute
abstract,,abstract,1,
abuse,,abuse,1,
academic,,academic,1,
accept,NGSL-F0028,accept,2,acceptable
acceptable,NGSL-F0028,accept,2,accept
access,,access,1,
accident,,accident,1,
accommodation,,accommodation,1,
accompany,,accompany,1,
accomplish,,accomplish,1,
accord,,accord,1,
account,,account,1,
accurate,,accurate,1,
accuse,,accuse,1,
achieve,NGSL-F0029,achieve,2,achievement
achievement,NGSL-F0029,achieve,2,achieve
acknowledge,,acknowledge,1,
acquire,,acquire,1,
acquisition,,acquisition,1,
across,,across,1,
act,,act,1,
action,,action,1,
active,NGSL-F0030,active,2,activity
activity,NGSL-F0030,active,2,active
actor,,actor,1,
actual,NGSL-F0031,actual,2,actually
actually,NGSL-F0031,actual,2,actual
ad,,ad,1,
adapt,,adapt,1,
add,,add,1,
addition,NGSL-F0032,addition,2,additional
additional,NGSL-F0032,addition,2,addition
address,,address,1,
adequate,,adequate,1,
adjust,NGSL-F0033,adjust,2,adjustment
adjustment,NGSL-F0033,adjust,2,adjust
administration,,administration,1,
admire,,admire,1,
admit,,admit,1,
adopt,,adopt,1,
adult,,adult,1,
advance,,advance,1,
advantage,,advantage,1,
adventure,,adventure,1,
advertise,NGSL-F0034,advertise,2,advertisement
advertisement,NGSL-F0034,advertise,2,advertise
advice,,advice,1,
advise,NGSL-F0035,advise,2,adviser
adviser,NGSL-F0035,advise,2,advise
advocate,,advocate,1,
affair,,affair,1,
affect,,affect,1,
afford,,afford,1,
afraid,,afraid,1,
after,,after,1,
afternoon,,afternoon,1,
again,,again,1,
against,,against,1,
age,,age,1,
agency,,agency,1,
agenda,,agenda,1,
agent,,agent,1,
aggressive,,aggressive,1,
ago,,ago,1,
agree,,agree,1,
agreement,,agreement,1,
agricultural,,agricultural,1,
ahead,,ahead,1,
aid,,aid,1,
aim,,aim,1,
air,,air,1,
aircraft,,aircraft,1,
airline,,airline,1,
alarm,,alarm,1,
album,,album,1,
alcohol,,alcohol,1,
alive,,alive,1,
all,,all,1,
allege,,allege,1,
allow,,allow,1,
ally,,ally,1,
almost,,almost,1,
alone,,alone,1,
along,,along,1,
alongside,,alongside,1,
already,,already,1,
alright,,alright,1,
also,,also,1,
alter,,alter,1,
alternative,,alternative,1,
although,,although,1,
altogether,,altogether,1,
always,,always,1,
amaze,,amaze,1,
amendment,,amendment,1,
among,,among,1,
amount,,amount,1,
analysis,,analysis,1,
analyst,,analyst,1,
analyze,,analyze,1,
ancient,,ancient,1,
and,,and,1,
anger,,anger,1,
angle,,angle,1,
angry,,angry,1,
animal,,animal,1,
announce,NGSL-F0036,announce,2,announcement
announcement,NGSL-F0036,announce,2,announce
annual,,annual,1,
another,,another,1,
answer,,answer,1,
anticipate,,anticipate,1,
anxiety,,anxiety,1,
anxious,,anxious,1,
any,,any,1,
anybody,,anybody,1,
anymore,,anymore,1,
anyone,,anyone,1,
anything,,anything,1,
anyway,,anyway,1,
anywhere,,anywhere,1,
apart,,apart,1,
apartment,,apartment,1,
apologize,,apologize,1,
apparent,NGSL-F0037,apparent,2,apparently
apparently,NGSL-F0037,apparent,2,apparent
appeal,,appeal,1,
appear,NGSL-F0038,appear,2,appearance
appearance,NGSL-F0038,appear,2,appear
application,,application,1,
apply,,apply,1,
appoint,NGSL-F0039,appoint,2,appointment
appointment,NGSL-F0039,appoint,2,appoint
appreciate,,appreciate,1,
approach,,approach,1,
appropriate,,appropriate,1,
approval,NGSL-F0040,approve,2,approve
approve,NGSL-F0040,approve,2,approval
approximately,,approximately,1,
architecture,,architecture,1,
area,,area,1,
argue,,argue,1,
argument,,argument,1,
arise,,arise,1,
arm,,arm,1,
army,,army,1,
around,,around,1,
arrange,NGSL-F0041,arrange,2,arrangement
arrangement,NGSL-F0041,arrange,2,arrange
arrest,,arrest,1,
arrival,NGSL-F0042,arrive,2,arrive
arrive,NGSL-F0042,arrive,2,arrival
art,,art,1,
article,,article,1,
artist,,artist,1,
as,,as,1,
ashamed,,ashamed,1,
aside,,aside,1,
ask,,ask,1,
assess,NGSL-F0043,assess,2,assessment
assessment,NGSL-F0043,assess,2,assess
asset,,asset,1,
assign,,assign,1,
assist,NGSL-F0007,assist,3,assistance; assistant
assistance,NGSL-F0007,assist,3,assist; assistant
assistant,NGSL-F0007,assist,3,assist; assistance
associate,NGSL-F0044,associate,2,association
association,NGSL-F0044,associate,2,associate
assume,,assume,1,
assumption,,assumption,1,
assure,,assure,1,
at,,at,1,
athlete,,athlete,1,
atmosphere,,atmosphere,1,
attach,NGSL-F0045,attach,2,attachment
attachment,NGSL-F0045,attach,2,attach
attack,,attack,1,
attempt,,attempt,1,
attend,NGSL-F0046,attend,2,attendance
attendance,NGSL-F0046,attend,2,attend
attention,,attention,1,
attitude,,attitude,1,
attract,NGSL-F0008,attract,3,attraction; attractive
attraction,NGSL-F0008,attract,3,attract; attractive
attractive,NGSL-F0008,attract,3,attract; attraction
attribute,,attribute,1,
audience,,audience,1,
aunt,,aunt,1,
author,,author,1,
automatically,,automatically,1,
autumn,,autumn,1,
available,,available,1,
average,,average,1,
avoid,,avoid,1,
award,,award,1,
aware,NGSL-F0047,aware,2,awareness
awareness,NGSL-F0047,aware,2,aware
away,,away,1,
awful,,awful,1,
baby,,baby,1,
back,,back,1,
background,,background,1,
bad,,bad,1,
badly,,badly,1,
bag,,bag,1,
balance,,balance,1,
ball,,ball,1,
ban,,ban,1,
band,,band,1,
bank,,bank,1,
bar,,bar,1,
barely,,barely,1,
barrier,,barrier,1,
base,,base,1,
basic,NGSL-F0048,basic,2,basically
basically,NGSL-F0048,basic,2,basic
basis,,basis,1,
bath,,bath,1,
battle,,battle,1,
be,,be,1,
beach,,beach,1,
bear,,bear,1,
beat,,beat,1,
beautiful,NGSL-F0049,beauty,2,beauty
beauty,NGSL-F0049,beauty,2,beautiful
because,,because,1,
become,,become,1,
bed,,bed,1,
bedroom,,bedroom,1,
beer,,beer,1,
before,,before,1,
begin,,begin,1,
behave,,behave,1,
behavior,,behavior,1,
behind,,behind,1,
belief,,belief,1,
believe,,believe,1,
bell,,bell,1,
belong,,belong,1,
below,,below,1,
belt,,belt,1,
bend,,bend,1,
beneath,,beneath,1,
benefit,,benefit,1,
beside,NGSL-F0050,beside,2,besides
besides,NGSL-F0050,beside,2,beside
bet,,bet,1,
between,,between,1,
beyond,,beyond,1,
bias,,bias,1,
bid,,bid,1,
big,,big,1,
bike,,bike,1,
bill,,bill,1,
bin,,bin,1,
bind,,bind,1,
biological,,biological,1,
bird,,bird,1,
birth,,birth,1,
bit,,bit,1,
bite,,bite,1,
black,,black,1,
blame,,blame,1,
bless,,bless,1,
blind,,blind,1,
block,,block,1,
blog,,blog,1,
blood,,blood,1,
bloody,,bloody,1,
blow,,blow,1,
blue,,blue,1,
board,,board,1,
boat,,boat,1,
body,,body,1,
bomb,,bomb,1,
bond,,bond,1,
bone,,bone,1,
book,,book,1,
boom,,boom,1,
boost,,boost,1,
boot,,boot,1,
border,,border,1,
bore,,bore,1,
borrow,,borrow,1,
boss,,boss,1,
both,,both,1,
bother,,bother,1,
bottle,,bottle,1,
bottom,,bottom,1,
boundary,,boundary,1,
bowl,,bowl,1,
box,,box,1,
boy,,boy,1,
brain,,brain,1,
branch,,branch,1,
brand,,brand,1,
bread,,bread,1,
break,,break,1,
breakfast,,breakfast,1,
breast,,breast,1,
breath,NGSL-F0051,breath,2,breathe
breathe,NGSL-F0051,breath,2,breath
breed,,breed,1,
bridge,,bridge,1,
brief,,brief,1,
briefly,,briefly,1,
bright,,bright,1,
brilliant,,brilliant,1,
bring,,bring,1,
broad,,broad,1,
broadcast,,broadcast,1,
brother,,brother,1,
brown,,brown,1,
brush,,brush,1,
budget,,budget,1,
build,,build,1,
bunch,,bunch,1,
burden,,burden,1,
burn,,burn,1,
burst,,burst,1,
bury,,bury,1,
bus,,bus,1,
business,,business,1,
busy,,busy,1,
but,,but,1,
button,,button,1,
buy,,buy,1,
buyer,,buyer,1,
by,,by,1,
cable,,cable,1,
cake,,cake,1,
calculate,,calculate,1,
call,,call,1,
calm,,calm,1,
camera,,camera,1,
camp,,camp,1,
campaign,,campaign,1,
can,,can,1,
cancel,,cancel,1,
cancer,,cancer,1,
candidate,,candidate,1,
cap,,cap,1,
capability,NGSL-F0052,capable,2,capable
capable,NGSL-F0052,capable,2,capability
capacity,,capacity,1,
capital,,capital,1,
capture,,capture,1,
car,,car,1,
carbon,,carbon,1,
card,,card,1,
care,NGSL-F0009,care,3,careful; carefully
career,,career,1,
careful,NGSL-F0009,care,3,care; carefully
carefully,NGSL-F0009,care,3,care; careful
carpet,,carpet,1,
carry,,carry,1,
case,,case,1,
cash,,cash,1,
cast,,cast,1,
castle,,castle,1,
cat,,cat,1,
catalog,,catalog,1,
catch,,catch,1,
category,,category,1,
cause,,cause,1,
celebrate,NGSL-F0053,celebrate,2,celebration
celebration,NGSL-F0053,celebrate,2,celebrate
cell,,cell,1,
cent,,cent,1,
center,,center,1,
central,,central,1,
century,,century,1,
ceremony,,ceremony,1,
certain,NGSL-F0054,certain,2,certainly
certainly,NGSL-F0054,certain,2,certain
chain,,chain,1,
chair,,chair,1,
chairman,,chairman,1,
challenge,,challenge,1,
chamber,,chamber,1,
champion,,champion,1,
championship,,championship,1,
chance,,chance,1,
change,,change,1,
channel,,channel,1,
chapter,,chapter,1,
character,,character,1,
characteristic,,characteristic,1,
characterize,,characterize,1,
charge,,charge,1,
charity,,charity,1,
charm,,charm,1,
chart,,chart,1,
chase,,chase,1,
chat,,chat,1,
cheap,,cheap,1,
check,,check,1,
cheek,,cheek,1,
cheese,,cheese,1,
chemical,,chemical,1,
chest,,chest,1,
chicken,,chicken,1,
chief,,chief,1,
child,,child,1,
childhood,,childhood,1,
chip,,chip,1,
chocolate,,chocolate,1,
choice,,choice,1,
choose,,choose,1,
church,,church,1,
cigarette,,cigarette,1,
circle,,circle,1,
circumstance,,circumstance,1,
cite,,cite,1,
citizen,,citizen,1,
city,,city,1,
civil,,civil,1,
civilian,,civilian,1,
claim,,claim,1,
class,,class,1,
classic,NGSL-F0055,classic,2,classical
classical,NGSL-F0055,classic,2,classic
clause,,clause,1,
clean,,clean,1,
clear,NGSL-F0056,clear,2,clearly
clearly,NGSL-F0056,clear,2,clear
click,,click,1,
climate,,climate,1,
climb,,climb,1,
clinical,,clinical,1,
clock,,clock,1,
close,NGSL-F0057,close,2,closely
closely,NGSL-F0057,close,2,close
clothes,NGSL-F0058,clothes,2,clothing
clothing,NGSL-F0058,clothes,2,clothes
cloud,,cloud,1,
club,,club,1,
cluster,,cluster,1,
coach,,coach,1,
coal,,coal,1,
coast,,coast,1,
coat,,coat,1,
code,,code,1,
coffee,,coffee,1,
coin,,coin,1,
cold,,cold,1,
collapse,,collapse,1,
colleague,,colleague,1,
collect,NGSL-F0059,collect,2,collection
collection,NGSL-F0059,collect,2,collect
college,,college,1,
color,,color,1,
column,,column,1,
combination,NGSL-F0060,combine,2,combine
combine,NGSL-F0060,combine,2,combination
come,,come,1,
comedy,,comedy,1,
comfort,NGSL-F0061,comfort,2,comfortable
comfortable,NGSL-F0061,comfort,2,comfort
command,,command,1,
comment,,comment,1,
commercial,,commercial,1,
commission,,commission,1,
commit,NGSL-F0062,commit,2,commitment
commitment,NGSL-F0062,commit,2,commit
committee,,committee,1,
common,,common,1,
communicate,NGSL-F0063,communicate,2,communication
communication,NGSL-F0063,communicate,2,communicate
community,,community,1,
company,,company,1,
compare,,compare,1,
comparison,,comparison,1,
compensation,,compensation,1,
compete,,compete,1,
competition,NGSL-F0064,competition,2,competitive
competitive,NGSL-F0064,competition,2,competition
competitor,,competitor,1,
complain,,complain,1,
complaint,,complaint,1,
complete,NGSL-F0065,complete,2,completely
completely,NGSL-F0065,complete,2,complete
complex,NGSL-F0066,complex,2,complexity
complexity,NGSL-F0066,complex,2,complex
complicate,,complicate,1,
component,,component,1,
compose,,compose,1,
composition,,composition,1,
compound,,compound,1,
comprehensive,,comprehensive,1,
comprise,,comprise,1,
compromise,,compromise,1,
compute,NGSL-F0067,compute,2,computer
computer,NGSL-F0067,compute,2,compute
concentrate,NGSL-F0068,concentrate,2,concentration
concentration,NGSL-F0068,concentrate,2,concentrate
concept,,concept,1,
concern,,concern,1,
concert,,concert,1,
conclude,,conclude,1,
conclusion,,conclusion,1,
concrete,,concrete,1,
condition,,condition,1,
conduct,,conduct,1,
conference,,conference,1,
confidence,NGSL-F0069,confident,2,confident
confident,NGSL-F0069,confident,2,confidence
confirm,,confirm,1,
conflict,,conflict,1,
confuse,NGSL-F0070,confuse,2,confusion
confusion,NGSL-F0070,confuse,2,confuse
connect,NGSL-F0071,connect,2,connection
connection,NGSL-F0071,connect,2,connect
consequence,NGSL-F0072,consequence,2,consequently
consequently,NGSL-F0072,consequence,2,consequence
conservative,,conservative,1,
consider,,consider,1,
considerable,NGSL-F0073,considerable,2,consideration
consideration,NGSL-F0073,considerable,2,considerable
consist,NGSL-F0074,consist,2,consistent
consistent,NGSL-F0074,consist,2,consist
constant,NGSL-F0075,constant,2,constantly
constantly,NGSL-F0075,constant,2,constant
constitute,,constitute,1,
constraint,,constraint,1,
construct,NGSL-F0076,construct,2,construction
construction,NGSL-F0076,construct,2,construct
consult,NGSL-F0077,consult,2,consultant
consultant,NGSL-F0077,consult,2,consult
consume,NGSL-F0078,consume,2,consumer
consumer,NGSL-F0078,consume,2,consume
contact,,contact,1,
contain,,contain,1,
contemporary,,contemporary,1,
content,,content,1,
contest,,contest,1,
context,,context,1,
continue,NGSL-F0079,continue,2,continuous
continuous,NGSL-F0079,continue,2,continue
contract,,contract,1,
contrast,,contrast,1,
contribute,NGSL-F0080,contribute,2,contribution
contribution,NGSL-F0080,contribute,2,contribute
control,,control,1,
controversial,,controversial,1,
convention,NGSL-F0081,convention,2,conventional
conventional,NGSL-F0081,convention,2,convention
conversation,,conversation,1,
convert,,convert,1,
convince,,convince,1,
cook,,cook,1,
cool,,cool,1,
cooperation,,cooperation,1,
cope,,cope,1,
copy,,copy,1,
core,,core,1,
corner,,corner,1,
corporate,NGSL-F0082,corporate,2,corporation
corporation,NGSL-F0082,corporate,2,corporate
correct,,correct,1,
correspond,,correspond,1,
cost,,cost,1,
cough,,cough,1,
could,,could,1,
council,,council,1,
counsel,,counsel,1,
count,,count,1,
counter,,counter,1,
country,,country,1,
county,,county,1,
couple,,couple,1,
course,,course,1,
court,,court,1,
cousin,,cousin,1,
cover,,cover,1,
coverage,,coverage,1,
cow,,cow,1,
crack,,crack,1,
craft,,craft,1,
crash,,crash,1,
crazy,,crazy,1,
cream,,cream,1,
create,,create,1,
creation,,creation,1,
creative,,creative,1,
creature,,creature,1,
credit,,credit,1,
crew,,crew,1,
crime,,crime,1,
criminal,,criminal,1,
crisis,,crisis,1,
criteria,,criteria,1,
critic,NGSL-F0001,critic,4,critical; criticism; criticize
critical,NGSL-F0001,critic,4,critic; criticism; criticize
criticism,NGSL-F0001,critic,4,critic; critical; criticize
criticize,NGSL-F0001,critic,4,critic; critical; criticism
crop,,crop,1,
cross,,cross,1,
crowd,,crowd,1,
crucial,,crucial,1,
cry,,cry,1,
cultural,NGSL-F0083,culture,2,culture
culture,NGSL-F0083,culture,2,cultural
cup,,cup,1,
curious,,curious,1,
currency,,currency,1,
current,NGSL-F0084,current,2,currently
currently,NGSL-F0084,current,2,current
curtain,,curtain,1,
curve,,curve,1,
custom,NGSL-F0085,custom,2,customer
customer,NGSL-F0085,custom,2,custom
cut,,cut,1,
cycle,,cycle,1,
dad,,dad,1,
daily,,daily,1,
damage,,damage,1,
damn,,damn,1,
dance,,dance,1,
danger,NGSL-F0086,danger,2,dangerous
dangerous,NGSL-F0086,danger,2,danger
dare,,dare,1,
dark,NGSL-F0087,dark,2,darkness
darkness,NGSL-F0087,dark,2,dark
data,,data,1,
database,,database,1,
date,,date,1,
daughter,,daughter,1,
day,,day,1,
dead,,dead,1,
deal,,deal,1,
dealer,,dealer,1,
dear,,dear,1,
death,,death,1,
debate,,debate,1,
debt,,debt,1,
decade,,decade,1,
decide,,decide,1,
decision,,decision,1,
declare,,declare,1,
decline,,decline,1,
decrease,,decrease,1,
dedicate,,dedicate,1,
deep,,deep,1,
deeply,,deeply,1,
defeat,,defeat,1,
defend,,defend,1,
defense,,defense,1,
deficit,,deficit,1,
define,,define,1,
definitely,NGSL-F0088,definitely,2,definition
definition,NGSL-F0088,definitely,2,definitely
degree,,degree,1,
delay,,delay,1,
delight,,delight,1,
deliver,,deliver,1,
delivery,,delivery,1,
demand,,demand,1,
democracy,,democracy,1,
democratic,,democratic,1,
demonstrate,NGSL-F0089,demonstrate,2,demonstration
demonstration,NGSL-F0089,demonstrate,2,demonstrate
density,,density,1,
deny,,deny,1,
department,,department,1,
depend,NGSL-F0090,depend,2,dependent
dependent,NGSL-F0090,depend,2,depend
deposit,,deposit,1,
depress,NGSL-F0091,depress,2,depression
depression,NGSL-F0091,depress,2,depress
depth,,depth,1,
derive,,derive,1,
describe,NGSL-F0092,describe,2,description
description,NGSL-F0092,describe,2,describe
desert,,desert,1,
deserve,,deserve,1,
design,NGSL-F0093,design,2,designer
designer,NGSL-F0093,design,2,design
desire,,desire,1,
desk,,desk,1,
despite,,despite,1,
destroy,,destroy,1,
destruction,,destruction,1,
detail,,detail,1,
detect,,detect,1,
determination,NGSL-F0094,determine,2,determine
determine,NGSL-F0094,determine,2,determination
develop,NGSL-F0095,develop,2,development
development,NGSL-F0095,develop,2,develop
device,,device,1,
devote,,devote,1,
dialog,,dialog,1,
die,,die,1,
diet,,diet,1,
differ,NGSL-F0002,differ,4,difference; different; differently
difference,NGSL-F0002,differ,4,differ; different; differently
different,NGSL-F0002,differ,4,differ; difference; differently
differently,NGSL-F0002,differ,4,differ; difference; different
difficult,,difficult,1,
difficulty,,difficulty,1,
dig,,dig,1,
digital,,digital,1,
dimension,,dimension,1,
dinner,,dinner,1,
direct,NGSL-F0010,direct,3,direction; directly
direction,NGSL-F0010,direct,3,direct; directly
directly,NGSL-F0010,direct,3,direct; direction
director,,director,1,
dirty,,dirty,1,
disagree,,disagree,1,
disappear,,disappear,1,
disappoint,,disappoint,1,
disaster,,disaster,1,
discipline,,discipline,1,
discount,,discount,1,
discover,,discover,1,
discovery,,discovery,1,
discuss,NGSL-F0096,discuss,2,discussion
discussion,NGSL-F0096,discuss,2,discuss
disease,,disease,1,
dish,,dish,1,
disk,,disk,1,
dismiss,,dismiss,1,
disorder,,disorder,1,
display,,display,1,
dispute,,dispute,1,
distance,,distance,1,
distant,,distant,1,
distinct,NGSL-F0097,distinct,2,distinction
distinction,NGSL-F0097,distinct,2,distinct
distinguish,,distinguish,1,
distribute,,distribute,1,
district,,district,1,
disturb,,disturb,1,
diversity,,diversity,1,
divide,,divide,1,
division,,division,1,
divorce,,divorce,1,
do,,do,1,
doctor,,doctor,1,
document,,document,1,
dog,,dog,1,
dollar,,dollar,1,
domestic,,domestic,1,
dominate,,dominate,1,
door,,door,1,
double,,double,1,
doubt,,doubt,1,
down,,down,1,
dozen,,dozen,1,
draft,,draft,1,
drag,,drag,1,
drama,,drama,1,
dramatic,NGSL-F0098,dramatic,2,dramatically
dramatically,NGSL-F0098,dramatic,2,dramatic
draw,,draw,1,
dream,,dream,1,
dress,,dress,1,
drink,,drink,1,
drive,,drive,1,
driver,,driver,1,
drop,,drop,1,
drug,,drug,1,
dry,,dry,1,
due,,due,1,
during,,during,1,
dust,,dust,1,
duty,,duty,1,
each,,each,1,
ear,,ear,1,
early,,early,1,
earn,,earn,1,
earth,,earth,1,
ease,,ease,1,
easily,,easily,1,
east,,east,1,
eastern,,eastern,1,
easy,,easy,1,
eat,,eat,1,
economic,NGSL-F0099,economy,2,economy
economy,NGSL-F0099,economy,2,economic
edge,,edge,1,
edit,NGSL-F0100,edit,2,edition
edition,NGSL-F0100,edit,2,edit
editor,,editor,1,
educate,NGSL-F0011,educate,3,education; educational
education,NGSL-F0011,educate,3,educate; educational
educational,NGSL-F0011,educate,3,educate; education
effect,NGSL-F0012,effect,3,effective; effectively
effective,NGSL-F0012,effect,3,effect; effectively
effectively,NGSL-F0012,effect,3,effect; effective
efficiency,NGSL-F0101,efficient,2,efficient
efficient,NGSL-F0101,efficient,2,efficiency
effort,,effort,1,
egg,,egg,1,
either,,either,1,
elderly,,elderly,1,
elect,NGSL-F0102,elect,2,election
election,NGSL-F0102,elect,2,elect
electric,NGSL-F0103,electric,2,electricity
electricity,NGSL-F0103,electric,2,electric
electronic,,electronic,1,
element,,element,1,
eliminate,,eliminate,1,
else,,else,1,
elsewhere,,elsewhere,1,
email,,email,1,
embarrass,,embarrass,1,
embrace,,embrace,1,
emerge,,emerge,1,
emergency,,emergency,1,
emotion,NGSL-F0104,emotion,2,emotional
emotional,NGSL-F0104,emotion,2,emotion
emphasis,,emphasis,1,
emphasize,,emphasize,1,
empire,,empire,1,
employ,NGSL-F0013,employ,3,employer; employment
employee,,employee,1,
employer,NGSL-F0013,employ,3,employ; employment
employment,NGSL-F0013,employ,3,employ; employer
empty,,empty,1,
enable,,enable,1,
encounter,,encounter,1,
encourage,,encourage,1,
end,,end,1,
enemy,,enemy,1,
energy,,energy,1,
engage,,engage,1,
engine,NGSL-F0105,engine,2,engineer
engineer,NGSL-F0105,engine,2,engine
enhance,,enhance,1,
enjoy,,enjoy,1,
enormous,,enormous,1,
enough,,enough,1,
ensure,,ensure,1,
enter,,enter,1,
enterprise,,enterprise,1,
entertain,NGSL-F0106,entertain,2,entertainment
entertainment,NGSL-F0106,entertain,2,entertain
entire,NGSL-F0107,entire,2,entirely
entirely,NGSL-F0107,entire,2,entire
entitle,,entitle,1,
entrance,,entrance,1,
entry,,entry,1,
envelope,,envelope,1,
environment,,environment,1,
environmental,,environmental,1,
episode,,episode,1,
equal,NGSL-F0108,equal,2,equally
equally,NGSL-F0108,equal,2,equal
equation,,equation,1,
equipment,,equipment,1,
equivalent,,equivalent,1,
era,,era,1,
error,,error,1,
escape,,escape,1,
especially,,especially,1,
essay,,essay,1,
essential,,essential,1,
establish,NGSL-F0109,establish,2,establishment
establishment,NGSL-F0109,establish,2,establish
estate,,estate,1,
estimate,,estimate,1,
ethnic,,ethnic,1,
evaluate,NGSL-F0110,evaluate,2,evaluation
evaluation,NGSL-F0110,evaluate,2,evaluate
even,,even,1,
evening,,evening,1,
event,,event,1,
eventually,,eventually,1,
ever,,ever,1,
every,,every,1,
everybody,,everybody,1,
everyday,,everyday,1,
everyone,,everyone,1,
everything,,everything,1,
everywhere,,everywhere,1,
evidence,,evidence,1,
evil,,evil,1,
evolution,NGSL-F0111,evolve,2,evolve
evolve,NGSL-F0111,evolve,2,evolution
exact,NGSL-F0112,exact,2,exactly
exactly,NGSL-F0112,exact,2,exact
exam,,exam,1,
examination,NGSL-F0113,examine,2,examine
examine,NGSL-F0113,examine,2,examination
example,,example,1,
exceed,,exceed,1,
excellent,,excellent,1,
except,NGSL-F0114,except,2,exception
exception,NGSL-F0114,except,2,except
excess,,excess,1,
exchange,,exchange,1,
excite,NGSL-F0115,excite,2,excitement
excitement,NGSL-F0115,excite,2,excite
exclude,,exclude,1,
excuse,,excuse,1,
executive,,executive,1,
exercise,,exercise,1,
exhaust,,exhaust,1,
exhibit,NGSL-F0116,exhibit,2,exhibition
exhibition,NGSL-F0116,exhibit,2,exhibit
exist,NGSL-F0117,exist,2,existence
existence,NGSL-F0117,exist,2,exist
expand,,expand,1,
expansion,,expansion,1,
expect,NGSL-F0118,expect,2,expectation
expectation,NGSL-F0118,expect,2,expect
expenditure,,expenditure,1,
expense,NGSL-F0119,expense,2,expensive
expensive,NGSL-F0119,expense,2,expense
experience,,experience,1,
experiment,,experiment,1,
experimental,,experimental,1,
expert,,expert,1,
explain,,explain,1,
explanation,,explanation,1,
explore,,explore,1,
export,,export,1,
expose,,expose,1,
exposure,,exposure,1,
express,NGSL-F0120,express,2,expression
expression,NGSL-F0120,express,2,express
extend,,extend,1,
extension,NGSL-F0121,extension,2,extensive
extensive,NGSL-F0121,extension,2,extension
extent,,extent,1,
external,,external,1,
extra,,extra,1,
extract,,extract,1,
extraordinary,,extraordinary,1,
extreme,NGSL-F0122,extreme,2,extremely
extremely,NGSL-F0122,extreme,2,extreme
eye,,eye,1,
face,,face,1,
facility,,facility,1,
fact,,fact,1,
factor,,factor,1,
factory,,factory,1,
fade,,fade,1,
fail,,fail,1,
failure,,failure,1,
fair,NGSL-F0123,fair,2,fairly
fairly,NGSL-F0123,fair,2,fair
faith,NGSL-F0124,faith,2,faithfully
faithfully,NGSL-F0124,faith,2,faith
fall,,fall,1,
false,,false,1,
familiar,,familiar,1,
family,,family,1,
famous,,famous,1,
fan,,fan,1,
fancy,,fancy,1,
fantastic,,fantastic,1,
far,,far,1,
farm,,farm,1,
farmer,,farmer,1,
fascinate,,fascinate,1,
fashion,,fashion,1,
fast,,fast,1,
fat,,fat,1,
father,,father,1,
fault,,fault,1,
favor,,favor,1,
favorite,,favorite,1,
fear,,fear,1,
feature,,feature,1,
federal,,federal,1,
fee,,fee,1,
feed,,feed,1,
feel,,feel,1,
fellow,,fellow,1,
female,,female,1,
fence,,fence,1,
festival,,festival,1,
few,,few,1,
fiction,,fiction,1,
field,,field,1,
fight,,fight,1,
figure,,figure,1,
file,,file,1,
fill,,fill,1,
film,,film,1,
filter,,filter,1,
final,NGSL-F0125,final,2,finally
finally,NGSL-F0125,final,2,final
finance,,finance,1,
financial,,financial,1,
find,,find,1,
fine,,fine,1,
finger,,finger,1,
finish,,finish,1,
fire,,fire,1,
firm,NGSL-F0126,firm,2,firmly
firmly,NGSL-F0126,firm,2,firm
first,NGSL-F0127,first,2,firstly
firstly,NGSL-F0127,first,2,first
fish,,fish,1,
fit,,fit,1,
fix,,fix,1,
flag,,flag,1,
flash,,flash,1,
flat,,flat,1,
flexible,,flexible,1,
flight,,flight,1,
float,,float,1,
flood,,flood,1,
floor,,floor,1,
flow,,flow,1,
flower,,flower,1,
fly,,fly,1,
focus,,focus,1,
fold,,fold,1,
folk,,folk,1,
follow,,follow,1,
food,,food,1,
fool,,fool,1,
foot,,foot,1,
football,,football,1,
for,,for,1,
force,,force,1,
forecast,,forecast,1,
foreign,,foreign,1,
forest,,forest,1,
forever,,forever,1,
forget,,forget,1,
form,,form,1,
formal,,formal,1,
format,NGSL-F0128,format,2,formation
formation,NGSL-F0128,format,2,format
former,,former,1,
formula,,formula,1,
forth,,forth,1,
fortunate,NGSL-F0129,fortune,2,fortune
fortune,NGSL-F0129,fortune,2,fortunate
forward,,forward,1,
found,,found,1,
foundation,,foundation,1,
fragment,,fragment,1,
frame,,frame,1,
framework,,framework,1,
free,,free,1,
freedom,,freedom,1,
freeze,,freeze,1,
frequency,,frequency,1,
frequent,NGSL-F0130,frequent,2,frequently
frequently,NGSL-F0130,frequent,2,frequent
fresh,,fresh,1,
friend,NGSL-F0131,friend,2,friendly
friendly,NGSL-F0131,friend,2,friend
friendship,,friendship,1,
frighten,,frighten,1,
from,,from,1,
front,,front,1,
fruit,,fruit,1,
fuel,,fuel,1,
fulfill,,fulfill,1,
full,,full,1,
fully,,fully,1,
fun,,fun,1,
function,NGSL-F0132,function,2,functional
functional,NGSL-F0132,function,2,function
fund,,fund,1,
fundamental,,fundamental,1,
funny,,funny,1,
furniture,,furniture,1,
further,,further,1,
furthermore,,furthermore,1,
future,,future,1,
gain,,gain,1,
gallery,,gallery,1,
game,,game,1,
gap,,gap,1,
garden,,garden,1,
gas,,gas,1,
gate,,gate,1,
gather,,gather,1,
gay,,gay,1,
gaze,,gaze,1,
gear,,gear,1,
gender,,gender,1,
gene,,gene,1,
general,NGSL-F0133,general,2,generally
generally,NGSL-F0133,general,2,general
generate,NGSL-F0134,generate,2,generation
generation,NGSL-F0134,generate,2,generate
genetic,,genetic,1,
gentle,NGSL-F0135,gentle,2,gently
gentleman,,gentleman,1,
gently,NGSL-F0135,gentle,2,gentle
genuine,,genuine,1,
gesture,,gesture,1,
get,,get,1,
giant,,giant,1,
gift,,gift,1,
girl,,girl,1,
give,,give,1,
glad,,glad,1,
glance,,glance,1,
glass,,glass,1,
global,,global,1,
go,,go,1,
goal,,goal,1,
god,,god,1,
gold,,gold,1,
golden,,golden,1,
golf,,golf,1,
good,,good,1,
govern,NGSL-F0136,govern,2,government
government,NGSL-F0136,govern,2,govern
governor,,governor,1,
grab,,grab,1,
grade,,grade,1,
gradually,,gradually,1,
graduate,,graduate,1,
grain,,grain,1,
grammar,,grammar,1,
grand,,grand,1,
grandmother,,grandmother,1,
grant,,grant,1,
grass,,grass,1,
grateful,,grateful,1,
gray,,gray,1,
great,NGSL-F0137,great,2,greatly
greatly,NGSL-F0137,great,2,great
green,,green,1,
greet,,greet,1,
grin,,grin,1,
ground,,ground,1,
group,,group,1,
grow,,grow,1,
growth,,growth,1,
guarantee,,guarantee,1,
guard,,guard,1,
guess,,guess,1,
guest,,guest,1,
guide,,guide,1,
guideline,,guideline,1,
guilty,,guilty,1,
guitar,,guitar,1,
gun,,gun,1,
guy,,guy,1,
habit,,habit,1,
hair,,hair,1,
half,,half,1,
hall,,hall,1,
hand,,hand,1,
handle,,handle,1,
hang,,hang,1,
happen,,happen,1,
happiness,NGSL-F0138,happy,2,happy
happy,NGSL-F0138,happy,2,happiness
harbor,,harbor,1,
hard,,hard,1,
hardly,,hardly,1,
harm,,harm,1,
hat,,hat,1,
hate,,hate,1,
have,,have,1,
he,,he,1,
head,,head,1,
health,,health,1,
healthy,,healthy,1,
hear,,hear,1,
heart,,heart,1,
heat,,heat,1,
heavily,,heavily,1,
heavy,,heavy,1,
height,,height,1,
hell,,hell,1,
hello,,hello,1,
help,NGSL-F0139,help,2,helpful
helpful,NGSL-F0139,help,2,help
hence,,hence,1,
here,,here,1,
hero,,hero,1,
herself,,herself,1,
hesitate,,hesitate,1,
hi,,hi,1,
hide,,hide,1,
high,NGSL-F0140,high,2,highly
highlight,,highlight,1,
highly,NGSL-F0140,high,2,high
hill,,hill,1,
himself,,himself,1,
hint,,hint,1,
hire,,hire,1,
historian,,historian,1,
historic,NGSL-F0141,historic,2,historical
historical,NGSL-F0141,historic,2,historic
history,,history,1,
hit,,hit,1,
hold,,hold,1,
holder,,holder,1,
hole,,hole,1,
holiday,,holiday,1,
home,,home,1,
honest,,honest,1,
honor,,honor,1,
hook,,hook,1,
hope,NGSL-F0142,hope,2,hopefully
hopefully,NGSL-F0142,hope,2,hope
horrible,,horrible,1,
horse,,horse,1,
hospital,,hospital,1,
host,,host,1,
hot,,hot,1,
hotel,,hotel,1,
hour,,hour,1,
house,,house,1,
household,,household,1,
how,,how,1,
however,,however,1,
huge,,huge,1,
human,,human,1,
humor,,humor,1,
hunger,,hunger,1,
hunt,,hunt,1,
hurry,,hurry,1,
hurt,,hurt,1,
husband,,husband,1,
hypothesis,,hypothesis,1,
i,,i,1,
ice,,ice,1,
idea,,idea,1,
ideal,,ideal,1,
identify,NGSL-F0143,identify,2,identity
identity,NGSL-F0143,identify,2,identify
if,,if,1,
ignore,,ignore,1,
ill,,ill,1,
illegal,,illegal,1,
illness,,illness,1,
illustrate,NGSL-F0144,illustrate,2,illustration
illustration,NGSL-F0144,illustrate,2,illustrate
image,,image,1,
imagination,NGSL-F0145,imagine,2,imagine
imagine,NGSL-F0145,imagine,2,imagination
immediate,NGSL-F0146,immediate,2,immediately
immediately,NGSL-F0146,immediate,2,immediate
immigrant,NGSL-F0147,immigrant,2,immigration
immigration,NGSL-F0147,immigrant,2,immigrant
implement,NGSL-F0148,implement,2,implementation
implementation,NGSL-F0148,implement,2,implement
implication,,implication,1,
imply,,imply,1,
import,,import,1,
importance,NGSL-F0149,important,2,important
important,NGSL-F0149,important,2,importance
impose,,impose,1,
impossible,,impossible,1,
impress,NGSL-F0014,impress,3,impression; impressive
impression,NGSL-F0014,impress,3,impress; impressive
impressive,NGSL-F0014,impress,3,impress; impression
improve,NGSL-F0150,improve,2,improvement
improvement,NGSL-F0150,improve,2,improve
in,,in,1,
incentive,,incentive,1,
inch,,inch,1,
incident,,incident,1,
include,,include,1,
income,,income,1,
incorporate,,incorporate,1,
increase,NGSL-F0151,increase,2,increasingly
increasingly,NGSL-F0151,increase,2,increase
indeed,,indeed,1,
independence,NGSL-F0152,independent,2,independent
independent,NGSL-F0152,independent,2,independence
index,,index,1,
indicate,NGSL-F0153,indicate,2,indication
indication,NGSL-F0153,indicate,2,indicate
individual,,individual,1,
industrial,NGSL-F0154,industry,2,industry
industry,NGSL-F0154,industry,2,industrial
infant,,infant,1,
infection,,infection,1,
inflation,,inflation,1,
influence,,influence,1,
inform,NGSL-F0155,inform,2,information
information,NGSL-F0155,inform,2,inform
initial,NGSL-F0156,initial,2,initially
initially,NGSL-F0156,initial,2,initial
initiative,,initiative,1,
injure,,injure,1,
injury,,injury,1,
inner,,inner,1,
innocent,,innocent,1,
innovation,,innovation,1,
input,,input,1,
inquiry,,inquiry,1,
inside,,inside,1,
insight,,insight,1,
insist,,insist,1,
inspire,,inspire,1,
install,,install,1,
instance,,instance,1,
instead,,instead,1,
institution,NGSL-F0157,institution,2,institutional
institutional,NGSL-F0157,institution,2,institution
instruction,,instruction,1,
instrument,,instrument,1,
insurance,NGSL-F0158,insure,2,insure
insure,NGSL-F0158,insure,2,insurance
integrate,,integrate,1,
intellectual,,intellectual,1,
intelligence,,intelligence,1,
intend,,intend,1,
intense,,intense,1,
intention,,intention,1,
interaction,,interaction,1,
interest,,interest,1,
interior,,interior,1,
internal,,internal,1,
international,,international,1,
interpret,NGSL-F0159,interpret,2,interpretation
interpretation,NGSL-F0159,interpret,2,interpret
intervention,,intervention,1,
interview,,interview,1,
into,,into,1,
introduce,,introduce,1,
introduction,,introduction,1,
invent,,invent,1,
invest,NGSL-F0160,invest,2,investment
investigate,NGSL-F0161,investigate,2,investigation
investigation,NGSL-F0161,investigate,2,investigate
investment,NGSL-F0160,invest,2,invest
investor,,investor,1,
invitation,NGSL-F0162,invite,2,invite
invite,NGSL-F0162,invite,2,invitation
involve,NGSL-F0163,involve,2,involvement
involvement,NGSL-F0163,involve,2,involve
iron,,iron,1,
island,,island,1,
isolate,,isolate,1,
issue,,issue,1,
it,,it,1,
item,,item,1,
itself,,itself,1,
jacket,,jacket,1,
jail,,jail,1,
job,,job,1,
join,,join,1,
joint,,joint,1,
joke,,joke,1,
journal,,journal,1,
journalist,,journalist,1,
journey,,journey,1,
joy,,joy,1,
judge,,judge,1,
judgment,,judgment,1,
jump,,jump,1,
jury,,jury,1,
just,,just,1,
justice,,justice,1,
justify,,justify,1,
keen,,keen,1,
keep,,keep,1,
key,,key,1,
kick,,kick,1,
kid,,kid,1,
kill,,kill,1,
kind,,kind,1,
king,,king,1,
kiss,,kiss,1,
kitchen,,kitchen,1,
knee,,knee,1,
knife,,knife,1,
knock,,knock,1,
know,,know,1,
knowledge,,knowledge,1,
label,,label,1,
labor,,labor,1,
laboratory,,laboratory,1,
lack,,lack,1,
lady,,lady,1,
lake,,lake,1,
land,,land,1,
landscape,,landscape,1,
language,,language,1,
large,NGSL-F0164,large,2,largely
largely,NGSL-F0164,large,2,large
last,,last,1,
late,,late,1,
latter,,latter,1,
laugh,,laugh,1,
laughter,,laughter,1,
launch,,launch,1,
law,,law,1,
lawyer,,lawyer,1,
lay,,lay,1,
layer,,layer,1,
lazy,,lazy,1,
lead,,lead,1,
leader,,leader,1,
leadership,,leadership,1,
league,,league,1,
lean,,lean,1,
leap,,leap,1,
learn,,learn,1,
least,,least,1,
leather,,leather,1,
leave,,leave,1,
lecture,,lecture,1,
left,,left,1,
leg,,leg,1,
legal,,legal,1,
legislation,,legislation,1,
lend,,lend,1,
length,,length,1,
less,,less,1,
lesson,,lesson,1,
let,,let,1,
letter,,letter,1,
level,,level,1,
liability,,liability,1,
liberal,,liberal,1,
library,,library,1,
license,,license,1,
lie,,lie,1,
life,,life,1,
lift,,lift,1,
light,,light,1,
like,,like,1,
likely,,likely,1,
limit,NGSL-F0165,limit,2,limitation
limitation,NGSL-F0165,limit,2,limit
line,,line,1,
link,,link,1,
lip,,lip,1,
liquid,,liquid,1,
list,,list,1,
listen,NGSL-F0166,listen,2,listener
listener,NGSL-F0166,listen,2,listen
literally,,literally,1,
literary,,literary,1,
literature,,literature,1,
little,,little,1,
live,,live,1,
load,,load,1,
loan,,loan,1,
local,,local,1,
locate,NGSL-F0167,locate,2,location
location,NGSL-F0167,locate,2,locate
lock,,lock,1,
log,,log,1,
logic,,logic,1,
long,,long,1,
look,,look,1,
loose,,loose,1,
lose,,lose,1,
loss,,loss,1,
lot,,lot,1,
loud,,loud,1,
love,NGSL-F0168,love,2,lovely
lovely,NGSL-F0168,love,2,love
lover,,lover,1,
low,,low,1,
luck,,luck,1,
lucky,,lucky,1,
lunch,,lunch,1,
luxury,,luxury,1,
machine,,machine,1,
mad,,mad,1,
magazine,,magazine,1,
magic,,magic,1,
mail,,mail,1,
main,NGSL-F0169,main,2,mainly
mainly,NGSL-F0169,main,2,main
maintain,,maintain,1,
maintenance,,maintenance,1,
major,NGSL-F0170,major,2,majority
majority,NGSL-F0170,major,2,major
make,,make,1,
maker,,maker,1,
male,,male,1,
man,,man,1,
manage,NGSL-F0015,manage,3,management; manager
management,NGSL-F0015,manage,3,manage; manager
manager,NGSL-F0015,manage,3,manage; management
manner,,manner,1,
manufacture,NGSL-F0171,manufacture,2,manufacturer
manufacturer,NGSL-F0171,manufacture,2,manufacture
many,,many,1,
map,,map,1,
march,,march,1,
margin,,margin,1,
mark,,mark,1,
market,,market,1,
marriage,,marriage,1,
marry,,marry,1,
mass,,mass,1,
massive,,massive,1,
master,,master,1,
match,,match,1,
mate,,mate,1,
material,,material,1,
mathematics,,mathematics,1,
matter,,matter,1,
mature,,mature,1,
maximum,,maximum,1,
may,,may,1,
maybe,,maybe,1,
mayor,,mayor,1,
meal,,meal,1,
mean,,mean,1,
meanwhile,,meanwhile,1,
measure,NGSL-F0172,measure,2,measurement
measurement,NGSL-F0172,measure,2,measure
meat,,meat,1,
mechanism,,mechanism,1,
medical,,medical,1,
medicine,,medicine,1,
medium,,medium,1,
meet,,meet,1,
member,,member,1,
membership,,membership,1,
memory,,memory,1,
mental,,mental,1,
mention,,mention,1,
menu,,menu,1,
mere,NGSL-F0173,mere,2,merely
merely,NGSL-F0173,mere,2,mere
mess,,mess,1,
message,,message,1,
metal,,metal,1,
meter,,meter,1,
method,,method,1,
middle,,middle,1,
might,,might,1,
mile,,mile,1,
military,,military,1,
milk,,milk,1,
mind,,mind,1,
mine,,mine,1,
minimum,,minimum,1,
minister,,minister,1,
minor,NGSL-F0174,minor,2,minority
minority,NGSL-F0174,minor,2,minor
minute,,minute,1,
mirror,,mirror,1,
miss,,miss,1,
mission,,mission,1,
mistake,,mistake,1,
mix,,mix,1,
mixture,,mixture,1,
mobile,,mobile,1,
mode,,mode,1,
model,,model,1,
moderate,,moderate,1,
modern,,modern,1,
modify,,modify,1,
module,,module,1,
mom,,mom,1,
moment,,moment,1,
money,,money,1,
monitor,,monitor,1,
month,NGSL-F0175,month,2,monthly
monthly,NGSL-F0175,month,2,month
mood,,mood,1,
moon,,moon,1,
moral,,moral,1,
more,,more,1,
moreover,,moreover,1,
morning,,morning,1,
mortgage,,mortgage,1,
most,NGSL-F0176,most,2,mostly
mostly,NGSL-F0176,most,2,most
mother,,mother,1,
motion,,motion,1,
motivate,NGSL-F0177,motivate,2,motivation
motivation,NGSL-F0177,motivate,2,motivate
motor,,motor,1,
mount,,mount,1,
mountain,,mountain,1,
mouse,,mouse,1,
mouth,,mouth,1,
move,,move,1,
movement,,movement,1,
movie,,movie,1,
much,,much,1,
multiple,,multiple,1,
murder,,murder,1,
muscle,,muscle,1,
museum,,museum,1,
music,NGSL-F0178,music,2,musical
musical,NGSL-F0178,music,2,music
musician,,musician,1,
must,,must,1,
mutual,,mutual,1,
myself,,myself,1,
mystery,,mystery,1,
name,,name,1,
narrative,,narrative,1,
narrow,,narrow,1,
nation,NGSL-F0179,nation,2,national
national,NGSL-F0179,nation,2,nation
native,,native,1,
natural,NGSL-F0016,nature,3,naturally; nature
naturally,NGSL-F0016,nature,3,natural; nature
nature,NGSL-F0016,nature,3,natural; naturally
near,NGSL-F0180,near,2,nearly
nearby,,nearby,1,
nearly,NGSL-F0180,near,2,near
necessarily,,necessarily,1,
necessary,,necessary,1,
neck,,neck,1,
need,,need,1,
negative,,negative,1,
neglect,,neglect,1,
negotiate,NGSL-F0181,negotiate,2,negotiation
negotiation,NGSL-F0181,negotiate,2,negotiate
neighbor,,neighbor,1,
neighborhood,,neighborhood,1,
neither,,neither,1,
nerve,,nerve,1,
nervous,,nervous,1,
net,,net,1,
network,,network,1,
never,,never,1,
nevertheless,,nevertheless,1,
new,,new,1,
newly,,newly,1,
news,,news,1,
newspaper,,newspaper,1,
next,,next,1,
nice,,nice,1,
night,,night,1,
no,,no,1,
nobody,,nobody,1,
noise,,noise,1,
none,,none,1,
nor,,nor,1,
normal,NGSL-F0182,normal,2,normally
normally,NGSL-F0182,normal,2,normal
north,,north,1,
northern,,northern,1,
nose,,nose,1,
not,,not,1,
note,,note,1,
nothing,,nothing,1,
notice,,notice,1,
notion,,notion,1,
noun,,noun,1,
novel,,novel,1,
now,,now,1,
nowadays,,nowadays,1,
nowhere,,nowhere,1,
nuclear,,nuclear,1,
number,,number,1,
numerous,,numerous,1,
nurse,,nurse,1,
object,,object,1,
objective,,objective,1,
obligation,,obligation,1,
observation,NGSL-F0183,observe,2,observe
observe,NGSL-F0183,observe,2,observation
obvious,NGSL-F0184,obvious,2,obviously
obviously,NGSL-F0184,obvious,2,obvious
occasion,,occasion,1,
occasionally,,occasionally,1,
occupy,,occupy,1,
occur,,occur,1,
ocean,,ocean,1,
odd,,odd,1,
of,,of,1,
off,,off,1,
offense,,offense,1,
offer,,offer,1,
office,NGSL-F0185,office,2,officer
officer,NGSL-F0185,office,2,office
official,,official,1,
often,,often,1,
oil,,oil,1,
okay,,okay,1,
old,,old,1,
on,,on,1,
once,,once,1,
one,,one,1,
online,,online,1,
only,,only,1,
onto,,onto,1,
open,,open,1,
opera,,opera,1,
operate,NGSL-F0017,operate,3,operation; operator
operation,NGSL-F0017,operate,3,operate; operator
operator,NGSL-F0017,operate,3,operate; operation
opinion,,opinion,1,
opponent,,opponent,1,
opportunity,,opportunity,1,
oppose,,oppose,1,
opposite,NGSL-F0186,opposite,2,opposition
opposition,NGSL-F0186,opposite,2,opposite
option,,option,1,
or,,or,1,
orange,,orange,1,
order,,order,1,
ordinary,,ordinary,1,
organic,,organic,1,
organization,NGSL-F0187,organize,2,organize
organize,NGSL-F0187,organize,2,organization
origin,NGSL-F0018,origin,3,original; originally
original,NGSL-F0018,origin,3,origin; originally
originally,NGSL-F0018,origin,3,origin; original
other,,other,1,
otherwise,,otherwise,1,
ought,,ought,1,
ourselves,,ourselves,1,
out,,out,1,
outcome,,outcome,1,
outline,,outline,1,
output,,output,1,
outside,,outside,1,
over,,over,1,
overall,,overall,1,
overcome,,overcome,1,
overseas,,overseas,1,
owe,,owe,1,
own,,own,1,
owner,,owner,1,
ownership,,ownership,1,
pace,,pace,1,
pack,,pack,1,
package,,package,1,
page,,page,1,
pain,,pain,1,
paint,,paint,1,
pair,,pair,1,
pale,,pale,1,
panel,,panel,1,
panic,,panic,1,
paper,,paper,1,
paragraph,,paragraph,1,
parallel,,parallel,1,
parent,,parent,1,
park,,park,1,
part,NGSL-F0188,part,2,partly
participant,NGSL-F0019,participant,3,participate; participation
participate,NGSL-F0019,participant,3,participant; participation
participation,NGSL-F0019,participant,3,participant; participate
particular,NGSL-F0189,particular,2,particularly
particularly,NGSL-F0189,particular,2,particular
partly,NGSL-F0188,part,2,part
partner,,partner,1,
partnership,,partnership,1,
party,,party,1,
pass,,pass,1,
passage,,passage,1,
passenger,,passenger,1,
passion,,passion,1,
past,,past,1,
path,,path,1,
patient,,patient,1,
pattern,,pattern,1,
pause,,pause,1,
pay,,pay,1,
payment,,payment,1,
peace,,peace,1,
peak,,peak,1,
peer,,peer,1,
pen,,pen,1,
penalty,,penalty,1,
pension,,pension,1,
people,,people,1,
per,,per,1,
perceive,,perceive,1,
percent,,percent,1,
percentage,,percentage,1,
perception,,perception,1,
perfect,NGSL-F0190,perfect,2,perfectly
perfectly,NGSL-F0190,perfect,2,perfect
perform,NGSL-F0191,perform,2,performance
performance,NGSL-F0191,perform,2,perform
perhaps,,perhaps,1,
period,,period,1,
permanent,,permanent,1,
permission,,permission,1,
permit,,permit,1,
person,NGSL-F0003,person,4,personal; personality; personally
personal,NGSL-F0003,person,4,person; personality; personally
personality,NGSL-F0003,person,4,person; personal; personally
personally,NGSL-F0003,person,4,person; personal; personality
personnel,,personnel,1,
perspective,,perspective,1,
persuade,,persuade,1,
phase,,phase,1,
phenomenon,,phenomenon,1,
philosophy,,philosophy,1,
phone,,phone,1,
photo,,photo,1,
photograph,,photograph,1,
phrase,,phrase,1,
physical,,physical,1,
piano,,piano,1,
pick,,pick,1,
picture,,picture,1,
piece,,piece,1,
pig,,pig,1,
pile,,pile,1,
pilot,,pilot,1,
pink,,pink,1,
pipe,,pipe,1,
pitch,,pitch,1,
place,,place,1,
plain,,plain,1,
plan,,plan,1,
plane,,plane,1,
planet,,planet,1,
plant,,plant,1,
plastic,,plastic,1,
plate,,plate,1,
platform,,platform,1,
play,,play,1,
player,,player,1,
pleasant,,pleasant,1,
please,,please,1,
pleasure,,pleasure,1,
plenty,,plenty,1,
plot,,plot,1,
plus,,plus,1,
pocket,,pocket,1,
poem,,poem,1,
poet,,poet,1,
poetry,,poetry,1,
point,,point,1,
police,,police,1,
policy,,policy,1,
political,NGSL-F0192,politics,2,politics
politician,,politician,1,
politics,NGSL-F0192,politics,2,political
poll,,poll,1,
pollution,,pollution,1,
pool,,pool,1,
poor,,poor,1,
pop,,pop,1,
popular,,popular,1,
population,,population,1,
port,,port,1,
portion,,portion,1,
portrait,,portrait,1,
pose,,pose,1,
position,,position,1,
positive,,positive,1,
possess,NGSL-F0193,possess,2,possession
possession,NGSL-F0193,possess,2,possess
possibility,NGSL-F0020,possible,3,possible; possibly
possible,NGSL-F0020,possible,3,possibility; possibly
possibly,NGSL-F0020,possible,3,possibility; possible
post,,post,1,
pot,,pot,1,
potato,,potato,1,
potential,NGSL-F0194,potential,2,potentially
potentially,NGSL-F0194,potential,2,potential
pound,,pound,1,
pour,,pour,1,
poverty,,poverty,1,
power,NGSL-F0195,power,2,powerful
powerful,NGSL-F0195,power,2,power
practical,NGSL-F0196,practice,2,practice
practice,NGSL-F0196,practice,2,practical
praise,,praise,1,
pray,,pray,1,
precise,NGSL-F0197,precise,2,precisely
precisely,NGSL-F0197,precise,2,precise
predict,,predict,1,
prefer,NGSL-F0198,prefer,2,preference
preference,NGSL-F0198,prefer,2,prefer
pregnancy,,pregnancy,1,
pregnant,,pregnant,1,
premise,,premise,1,
preparation,NGSL-F0199,prepare,2,prepare
prepare,NGSL-F0199,prepare,2,preparation
presence,,presence,1,
present,NGSL-F0200,present,2,presentation
presentation,NGSL-F0200,present,2,present
preserve,,preserve,1,
president,,president,1,
presidential,,presidential,1,
press,,press,1,
pressure,,pressure,1,
presumably,,presumably,1,
pretend,,pretend,1,
pretty,,pretty,1,
prevent,,prevent,1,
previous,NGSL-F0201,previous,2,previously
previously,NGSL-F0201,previous,2,previous
price,,price,1,
pride,,pride,1,
primarily,,primarily,1,
primary,,primary,1,
prime,,prime,1,
principal,,principal,1,
principle,,principle,1,
print,,print,1,
printer,,printer,1,
prior,,prior,1,
priority,,priority,1,
prison,NGSL-F0202,prison,2,prisoner
prisoner,NGSL-F0202,prison,2,prison
private,,private,1,
privilege,,privilege,1,
prize,,prize,1,
pro,,pro,1,
probability,NGSL-F0203,probably,2,probably
probably,NGSL-F0203,probably,2,probability
problem,,problem,1,
procedure,,procedure,1,
proceed,,proceed,1,
process,,process,1,
produce,NGSL-F0004,produce,4,producer; product; production
producer,NGSL-F0004,produce,4,produce; product; production
product,NGSL-F0004,produce,4,produce; producer; production
production,NGSL-F0004,produce,4,produce; producer; product
profession,,profession,1,
professional,,professional,1,
professor,,professor,1,
profile,,profile,1,
profit,,profit,1,
program,,program,1,
progress,,progress,1,
project,,project,1,
promise,,promise,1,
promote,NGSL-F0204,promote,2,promotion
promotion,NGSL-F0204,promote,2,promote
prompt,,prompt,1,
proof,,proof,1,
proper,NGSL-F0205,proper,2,properly
properly,NGSL-F0205,proper,2,proper
property,,property,1,
proportion,,proportion,1,
proposal,NGSL-F0206,propose,2,propose
propose,NGSL-F0206,propose,2,proposal
prospect,,prospect,1,
protect,NGSL-F0207,protect,2,protection
protection,NGSL-F0207,protect,2,protect
protein,,protein,1,
protest,,protest,1,
proud,,proud,1,
prove,,prove,1,
provide,,provide,1,
province,,province,1,
provision,,provision,1,
psychological,,psychological,1,
pub,,pub,1,
public,NGSL-F0208,public,2,publication
publication,NGSL-F0208,public,2,public
publisher,,publisher,1,
pull,,pull,1,
pump,,pump,1,
pupil,,pupil,1,
purchase,,purchase,1,
pure,,pure,1,
purpose,,purpose,1,
pursue,,pursue,1,
push,,push,1,
put,,put,1,
qualification,,qualification,1,
qualify,,qualify,1,
quality,,quality,1,
quantity,,quantity,1,
quarter,,quarter,1,
question,,question,1,
quick,NGSL-F0209,quick,2,quickly
quickly,NGSL-F0209,quick,2,quick
quiet,NGSL-F0210,quiet,2,quietly
quietly,NGSL-F0210,quiet,2,quiet
quite,,quite,1,
quote,,quote,1,
race,,race,1,
racial,,racial,1,
radical,,radical,1,
radio,,radio,1,
rail,,rail,1,
rain,,rain,1,
raise,,raise,1,
random,,random,1,
range,,range,1,
rank,,rank,1,
rapid,NGSL-F0211,rapid,2,rapidly
rapidly,NGSL-F0211,rapid,2,rapid
rare,NGSL-F0212,rare,2,rarely
rarely,NGSL-F0212,rare,2,rare
rat,,rat,1,
rate,,rate,1,
rather,,rather,1,
ratio,,ratio,1,
raw,,raw,1,
reach,,reach,1,
react,NGSL-F0213,react,2,reaction
reaction,NGSL-F0213,react,2,react
read,,read,1,
reader,,reader,1,
ready,,ready,1,
real,NGSL-F0214,real,2,reality
reality,NGSL-F0214,real,2,real
realize,,realize,1,
really,,really,1,
rear,,rear,1,
reason,NGSL-F0021,reason,3,reasonable; reasonably
reasonable,NGSL-F0021,reason,3,reason; reasonably
reasonably,NGSL-F0021,reason,3,reason; reasonable
recall,,recall,1,
receive,,receive,1,
recent,NGSL-F0215,recent,2,recently
recently,NGSL-F0215,recent,2,recent
reckon,,reckon,1,
recognition,,recognition,1,
recognize,,recognize,1,
recommend,NGSL-F0216,recommend,2,recommendation
recommendation,NGSL-F0216,recommend,2,recommend
record,,record,1,
recover,,recover,1,
recovery,,recovery,1,
recruit,,recruit,1,
red,,red,1,
reduce,,reduce,1,
reduction,,reduction,1,
refer,NGSL-F0217,refer,2,reference
reference,NGSL-F0217,refer,2,refer
reflect,NGSL-F0218,reflect,2,reflection
reflection,NGSL-F0218,reflect,2,reflect
reform,,reform,1,
refugee,,refugee,1,
refuse,,refuse,1,
regard,,regard,1,
regardless,,regardless,1,
region,NGSL-F0219,region,2,regional
regional,NGSL-F0219,region,2,region
register,,register,1,
registration,,registration,1,
regret,,regret,1,
regular,NGSL-F0220,regular,2,regularly
regularly,NGSL-F0220,regular,2,regular
regulate,NGSL-F0221,regulate,2,regulation
regulation,NGSL-F0221,regulate,2,regulate
reject,,reject,1,
relate,NGSL-F0005,relate,4,relation; relative; relatively
relation,NGSL-F0005,relate,4,relate; relative; relatively
relationship,,relationship,1,
relative,NGSL-F0005,relate,4,relate; relation; relatively
relatively,NGSL-F0005,relate,4,relate; relation; relative
relax,,relax,1,
release,,release,1,
relevant,,relevant,1,
reliable,,reliable,1,
relief,,relief,1,
religion,,religion,1,
religious,,religious,1,
rely,,rely,1,
remain,,remain,1,
remark,NGSL-F0222,remark,2,remarkable
remarkable,NGSL-F0222,remark,2,remark
remember,,remember,1,
remind,,remind,1,
remote,,remote,1,
remove,,remove,1,
rent,,rent,1,
repair,,repair,1,
repeat,,repeat,1,
replace,,replace,1,
reply,,reply,1,
report,NGSL-F0223,report,2,reporter
reporter,NGSL-F0223,report,2,report
represent,NGSL-F0224,represent,2,representative
representation,,representation,1,
representative,NGSL-F0224,represent,2,represent
reputation,,reputation,1,
request,,request,1,
require,NGSL-F0225,require,2,requirement
requirement,NGSL-F0225,require,2,require
rescue,,rescue,1,
research,NGSL-F0226,research,2,researcher
researcher,NGSL-F0226,research,2,research
reserve,,reserve,1,
resident,,resident,1,
resign,,resign,1,
resist,NGSL-F0227,resist,2,resistance
resistance,NGSL-F0227,resist,2,resist
resolution,,resolution,1,
resolve,,resolve,1,
resort,,resort,1,
resource,,resource,1,
respect,,respect,1,
respectively,,respectively,1,
respond,,respond,1,
response,NGSL-F0022,response,3,responsibility; responsible
responsibility,NGSL-F0022,response,3,response; responsible
responsible,NGSL-F0022,response,3,response; responsibility
rest,,rest,1,
restaurant,,restaurant,1,
restore,,restore,1,
restrict,NGSL-F0228,restrict,2,restriction
restriction,NGSL-F0228,restrict,2,restrict
result,,result,1,
retail,,retail,1,
retain,,retain,1,
retire,NGSL-F0229,retire,2,retirement
retirement,NGSL-F0229,retire,2,retire
return,,return,1,
reveal,,reveal,1,
revenue,,revenue,1,
reverse,,reverse,1,
review,,review,1,
revise,,revise,1,
revolution,,revolution,1,
reward,,reward,1,
rice,,rice,1,
rich,,rich,1,
rid,,rid,1,
ride,,ride,1,
right,,right,1,
ring,,ring,1,
rise,,rise,1,
risk,,risk,1,
rival,,rival,1,
river,,river,1,
road,,road,1,
rock,,rock,1,
role,,role,1,
roll,,roll,1,
romantic,,romantic,1,
roof,,roof,1,
room,,room,1,
root,,root,1,
rose,,rose,1,
rough,NGSL-F0230,rough,2,roughly
roughly,NGSL-F0230,rough,2,rough
round,,round,1,
route,,route,1,
routine,,routine,1,
row,,row,1,
royal,,royal,1,
ruin,,ruin,1,
rule,,rule,1,
run,,run,1,
rural,,rural,1,
rush,,rush,1,
sad,,sad,1,
safe,,safe,1,
safety,,safety,1,
sail,,sail,1,
sake,,sake,1,
salary,,salary,1,
sale,,sale,1,
salt,,salt,1,
same,,same,1,
sample,,sample,1,
sanction,,sanction,1,
sand,,sand,1,
satisfaction,,satisfaction,1,
satisfy,,satisfy,1,
save,,save,1,
say,,say,1,
scale,,scale,1,
scan,,scan,1,
scare,,scare,1,
scene,,scene,1,
schedule,,schedule,1,
scheme,,scheme,1,
scholar,,scholar,1,
school,,school,1,
science,,science,1,
scientific,,scientific,1,
scientist,,scientist,1,
scope,,scope,1,
score,,score,1,
scream,,scream,1,
screen,,screen,1,
sea,,sea,1,
seal,,seal,1,
search,,search,1,
season,,season,1,
seat,,seat,1,
second,NGSL-F0231,second,2,secondly
secondary,,secondary,1,
secondly,NGSL-F0231,second,2,second
secret,,secret,1,
secretary,,secretary,1,
section,,section,1,
sector,,sector,1,
secure,NGSL-F0232,secure,2,security
security,NGSL-F0232,secure,2,secure
see,,see,1,
seed,,seed,1,
seek,,seek,1,
seem,,seem,1,
segment,,segment,1,
select,NGSL-F0233,select,2,selection
selection,NGSL-F0233,select,2,select
self,,self,1,
sell,,sell,1,
send,,send,1,
senior,,senior,1,
sense,,sense,1,
sensitive,,sensitive,1,
sentence,,sentence,1,
separate,,separate,1,
sequence,,sequence,1,
series,,series,1,
serious,NGSL-F0234,serious,2,seriously
seriously,NGSL-F0234,serious,2,serious
servant,,servant,1,
serve,,serve,1,
server,,server,1,
service,,service,1,
session,,session,1,
set,,set,1,
settle,,settle,1,
settlement,,settlement,1,
several,,several,1,
severe,,severe,1,
sex,,sex,1,
sexual,,sexual,1,
shade,,shade,1,
shadow,,shadow,1,
shake,,shake,1,
shall,,shall,1,
shape,,shape,1,
share,,share,1,
shareholder,,shareholder,1,
sharp,,sharp,1,
she,,she,1,
sheep,,sheep,1,
sheet,,sheet,1,
shelf,,shelf,1,
shell,,shell,1,
shelter,,shelter,1,
shift,,shift,1,
shine,,shine,1,
ship,,ship,1,
shirt,,shirt,1,
shock,,shock,1,
shoe,,shoe,1,
shoot,,shoot,1,
shop,,shop,1,
shore,,shore,1,
short,,short,1,
shot,,shot,1,
should,,should,1,
shoulder,,shoulder,1,
shout,,shout,1,
show,,show,1,
shower,,shower,1,
shut,,shut,1,
sick,,sick,1,
side,,side,1,
sigh,,sigh,1,
sight,,sight,1,
sign,,sign,1,
signal,,signal,1,
significance,NGSL-F0023,significant,3,significant; significantly
significant,NGSL-F0023,significant,3,significance; significantly
significantly,NGSL-F0023,significant,3,significance; significant
silence,,silence,1,
silent,,silent,1,
silly,,silly,1,
silver,,silver,1,
similar,NGSL-F0235,similar,2,similarly
similarly,NGSL-F0235,similar,2,similar
simple,,simple,1,
simply,,simply,1,
since,,since,1,
sing,,sing,1,
singer,,singer,1,
single,,single,1,
sink,,sink,1,
sir,,sir,1,
sister,,sister,1,
sit,,sit,1,
site,,site,1,
situate,NGSL-F0236,situate,2,situation
situation,NGSL-F0236,situate,2,situate
size,,size,1,
ski,,ski,1,
skill,,skill,1,
skin,,skin,1,
skirt,,skirt,1,
sky,,sky,1,
slave,,slave,1,
sleep,,sleep,1,
slice,,slice,1,
slide,,slide,1,
slight,NGSL-F0237,slight,2,slightly
slightly,NGSL-F0237,slight,2,slight
slip,,slip,1,
slope,,slope,1,
slow,,slow,1,
slowly,,slowly,1,
small,,small,1,
smart,,smart,1,
smell,,smell,1,
smile,,smile,1,
smoke,,smoke,1,
smooth,,smooth,1,
snap,,snap,1,
snow,,snow,1,
so,,so,1,
social,,social,1,
society,,society,1,
soft,,soft,1,
software,,software,1,
soil,,soil,1,
solar,,solar,1,
soldier,,soldier,1,
solid,,solid,1,
solution,,solution,1,
solve,,solve,1,
some,,some,1,
somebody,,somebody,1,
somehow,,somehow,1,
someone,,someone,1,
something,,something,1,
sometimes,,sometimes,1,
somewhat,,somewhat,1,
somewhere,,somewhere,1,
son,,son,1,
song,,song,1,
soon,,soon,1,
sorry,,sorry,1,
sort,,sort,1,
soul,,soul,1,
sound,,sound,1,
source,,source,1,
south,,south,1,
southern,,southern,1,
space,,space,1,
spare,,spare,1,
speak,,speak,1,
speaker,,speaker,1,
special,NGSL-F0024,special,3,specialist; specialize
specialist,NGSL-F0024,special,3,special; specialize
specialize,NGSL-F0024,special,3,special; specialist
species,,species,1,
specific,NGSL-F0238,specific,2,specifically
specifically,NGSL-F0238,specific,2,specific
specify,,specify,1,
speech,,speech,1,
speed,,speed,1,
spell,,spell,1,
spend,,spend,1,
spin,,spin,1,
spirit,,spirit,1,
split,,split,1,
sponsor,,sponsor,1,
sport,,sport,1,
spot,,spot,1,
spread,,spread,1,
spring,,spring,1,
square,,square,1,
stability,,stability,1,
stable,,stable,1,
staff,,staff,1,
stage,,stage,1,
stain,,stain,1,
stair,,stair,1,
stake,,stake,1,
stamp,,stamp,1,
stand,,stand,1,
standard,,standard,1,
star,,star,1,
stare,,stare,1,
start,,start,1,
state,,state,1,
statement,,statement,1,
station,,station,1,
statistic,,statistic,1,
status,,status,1,
stay,,stay,1,
steady,,steady,1,
steal,,steal,1,
steel,,steel,1,
stem,,stem,1,
step,,step,1,
stick,,stick,1,
still,,still,1,
stimulate,,stimulate,1,
stir,,stir,1,
stock,,stock,1,
stomach,,stomach,1,
stone,,stone,1,
stop,,stop,1,
storage,,storage,1,
store,,store,1,
storm,,storm,1,
story,,story,1,
straight,,straight,1,
strain,,strain,1,
strange,,strange,1,
stranger,,stranger,1,
strategy,,strategy,1,
stream,,stream,1,
street,,street,1,
strength,,strength,1,
strengthen,,strengthen,1,
stress,,stress,1,
stretch,,stretch,1,
strict,,strict,1,
strike,,strike,1,
string,,string,1,
strip,,strip,1,
stroke,,stroke,1,
strong,NGSL-F0239,strong,2,strongly
strongly,NGSL-F0239,strong,2,strong
structural,NGSL-F0240,structure,2,structure
structure,NGSL-F0240,structure,2,structural
struggle,,struggle,1,
student,,student,1,
studio,,studio,1,
study,,study,1,
stuff,,stuff,1,
stupid,,stupid,1,
style,,style,1,
subject,,subject,1,
submit,,submit,1,
subsequent,NGSL-F0241,subsequent,2,subsequently
subsequently,NGSL-F0241,subsequent,2,subsequent
substance,,substance,1,
substantial,,substantial,1,
substitute,,substitute,1,
succeed,,succeed,1,
success,NGSL-F0025,success,3,successful; successfully
successful,NGSL-F0025,success,3,success; successfully
successfully,NGSL-F0025,success,3,success; successful
such,,such,1,
sudden,NGSL-F0242,sudden,2,suddenly
suddenly,NGSL-F0242,sudden,2,sudden
suffer,,suffer,1,
sufficient,,sufficient,1,
sugar,,sugar,1,
suggest,NGSL-F0243,suggest,2,suggestion
suggestion,NGSL-F0243,suggest,2,suggest
suit,,suit,1,
suitable,,suitable,1,
sum,,sum,1,
summarize,,summarize,1,
summary,,summary,1,
summer,,summer,1,
sun,,sun,1,
supplement,,supplement,1,
supplier,,supplier,1,
supply,,supply,1,
support,NGSL-F0244,support,2,supporter
supporter,NGSL-F0244,support,2,support
suppose,,suppose,1,
sure,NGSL-F0245,sure,2,surely
surely,NGSL-F0245,sure,2,sure
surface,,surface,1,
surgery,,surgery,1,
surprise,NGSL-F0246,surprise,2,surprisingly
surprisingly,NGSL-F0246,surprise,2,surprise
surround,,surround,1,
survey,,survey,1,
survival,NGSL-F0247,survive,2,survive
survive,NGSL-F0247,survive,2,survival
suspect,,suspect,1,
suspend,,suspend,1,
sustain,,sustain,1,
swear,,swear,1,
sweep,,sweep,1,
sweet,,sweet,1,
swim,,swim,1,
swing,,swing,1,
switch,,switch,1,
symbol,,symbol,1,
symptom,,symptom,1,
system,,system,1,
table,,table,1,
tackle,,tackle,1,
tail,,tail,1,
take,,take,1,
tale,,tale,1,
talent,,talent,1,
talk,,talk,1,
tall,,tall,1,
tank,,tank,1,
tap,,tap,1,
tape,,tape,1,
target,,target,1,
task,,task,1,
taste,,taste,1,
tax,,tax,1,
taxi,,taxi,1,
tea,,tea,1,
teach,,teach,1,
teacher,,teacher,1,
team,,team,1,
tear,,tear,1,
technical,,technical,1,
technique,,technique,1,
technology,,technology,1,
teenager,,teenager,1,
telephone,,telephone,1,
television,,television,1,
tell,,tell,1,
temperature,,temperature,1,
temporary,,temporary,1,
tend,,tend,1,
tendency,,tendency,1,
tender,,tender,1,
tennis,,tennis,1,
tension,,tension,1,
tent,,tent,1,
term,,term,1,
terrible,,terrible,1,
territory,,territory,1,
terrorist,,terrorist,1,
test,,test,1,
text,,text,1,
than,,than,1,
thank,,thank,1,
that,,that,1,
the,,the,1,
theater,,theater,1,
theme,,theme,1,
themselves,,themselves,1,
then,,then,1,
theoretical,,theoretical,1,
theory,,theory,1,
therapy,,therapy,1,
there,,there,1,
therefore,,therefore,1,
they,,they,1,
thick,,thick,1,
thin,,thin,1,
thing,,thing,1,
think,,think,1,
thirst,,thirst,1,
this,,this,1,
though,,though,1,
threat,,threat,1,
threaten,,threaten,1,
throat,,throat,1,
through,,through,1,
throughout,,throughout,1,
throw,,throw,1,
thus,,thus,1,
ticket,,ticket,1,
tie,,tie,1,
tight,,tight,1,
till,,till,1,
time,,time,1,
tiny,,tiny,1,
tip,,tip,1,
tire,,tire,1,
tissue,,tissue,1,
title,,title,1,
to,,to,1,
today,,today,1,
together,,together,1,
tomorrow,,tomorrow,1,
tone,,tone,1,
tongue,,tongue,1,
tonight,,tonight,1,
too,,too,1,
tool,,tool,1,
tooth,,tooth,1,
top,,top,1,
topic,,topic,1,
total,NGSL-F0248,total,2,totally
totally,NGSL-F0248,total,2,total
touch,,touch,1,
tough,,tough,1,
tour,,tour,1,
tourism,,tourism,1,
tourist,,tourist,1,
tournament,,tournament,1,
toward,,toward,1,
tower,,tower,1,
town,,town,1,
toy,,toy,1,
trace,,trace,1,
track,,track,1,
trade,,trade,1,
tradition,NGSL-F0249,tradition,2,traditional
traditional,NGSL-F0249,tradition,2,tradition
traffic,,traffic,1,
trail,,trail,1,
train,,train,1,
transfer,,transfer,1,
transform,,transform,1,
transition,,transition,1,
translate,,translate,1,
transport,NGSL-F0250,transport,2,transportation
transportation,NGSL-F0250,transport,2,transport
trap,,trap,1,
travel,,travel,1,
treat,,treat,1,
treatment,,treatment,1,
tree,,tree,1,
trend,,trend,1,
trial,,trial,1,
trick,,trick,1,
trigger,,trigger,1,
trip,,trip,1,
troop,,troop,1,
trouble,,trouble,1,
truck,,truck,1,
true,,true,1,
truly,,truly,1,
trust,,trust,1,
truth,,truth,1,
try,,try,1,
tube,,tube,1,
tune,,tune,1,
turn,,turn,1,
twice,,twice,1,
twin,,twin,1,
twist,,twist,1,
type,,type,1,
typical,NGSL-F0251,typical,2,typically
typically,NGSL-F0251,typical,2,typical
ugly,,ugly,1,
ultimately,,ultimately,1,
unable,,unable,1,
uncertainty,,uncertainty,1,
uncle,,uncle,1,
unclear,,unclear,1,
under,,under,1,
undergo,,undergo,1,
underlie,,underlie,1,
understand,,understand,1,
undertake,,undertake,1,
unemployment,,unemployment,1,
unfortunately,,unfortunately,1,
uniform,,uniform,1,
union,,union,1,
unique,,unique,1,
unit,NGSL-F0252,unit,2,unite
unite,NGSL-F0252,unit,2,unit
universal,NGSL-F0253,universe,2,universe
universe,NGSL-F0253,universe,2,universal
university,,university,1,
unknown,,unknown,1,
unless,,unless,1,
unlike,,unlike,1,
unlikely,,unlikely,1,
until,,until,1,
unusual,,unusual,1,
up,,up,1,
update,,update,1,
upon,,upon,1,
upper,,upper,1,
upset,,upset,1,
urban,,urban,1,
urge,,urge,1,
use,,use,1,
useful,,useful,1,
user,,user,1,
usual,NGSL-F0254,usual,2,usually
usually,NGSL-F0254,usual,2,usual
valley,,valley,1,
valuable,,valuable,1,
value,,value,1,
van,,van,1,
variable,NGSL-F0006,vary,4,variation; variety; vary
variation,NGSL-F0006,vary,4,variable; variety; vary
variety,NGSL-F0006,vary,4,variable; variation; vary
various,,various,1,
vary,NGSL-F0006,vary,4,variable; variation; variety
vast,,vast,1,
vegetable,,vegetable,1,
vehicle,,vehicle,1,
venture,,venture,1,
verb,,verb,1,
version,,version,1,
versus,,versus,1,
very,,very,1,
vessel,,vessel,1,
veteran,,veteran,1,
via,,via,1,
vice,,vice,1,
victim,,victim,1,
victory,,victory,1,
video,,video,1,
view,,view,1,
village,,village,1,
violence,,violence,1,
violent,,violent,1,
virtually,,virtually,1,
virus,,virus,1,
visible,,visible,1,
vision,,vision,1,
visit,,visit,1,
visitor,,visitor,1,
visual,,visual,1,
vital,,vital,1,
voice,,voice,1,
volume,,volume,1,
voluntary,,voluntary,1,
volunteer,,volunteer,1,
vote,,vote,1,
voter,,voter,1,
wage,,wage,1,
wait,,wait,1,
wake,,wake,1,
walk,,walk,1,
wall,,wall,1,
wander,,wander,1,
want,,want,1,
war,,war,1,
warm,,warm,1,
warn,,warn,1,
wash,,wash,1,
waste,,waste,1,
watch,,watch,1,
water,,water,1,
wave,,wave,1,
way,,way,1,
we,,we,1,
weak,NGSL-F0255,weak,2,weakness
weakness,NGSL-F0255,weak,2,weak
wealth,,wealth,1,
wealthy,,wealthy,1,
weapon,,weapon,1,
wear,,wear,1,
weather,,weather,1,
web,,web,1,
website,,website,1,
wed,,wed,1,
week,NGSL-F0256,week,2,weekly
weekend,,weekend,1,
weekly,NGSL-F0256,week,2,week
weigh,,weigh,1,
weight,,weight,1,
weird,,weird,1,
welcome,,welcome,1,
welfare,,welfare,1,
well,,well,1,
west,,west,1,
western,,western,1,
wet,,wet,1,
what,,what,1,
whatever,,whatever,1,
wheel,,wheel,1,
when,,when,1,
whenever,,whenever,1,
where,,where,1,
whereas,,whereas,1,
wherever,,wherever,1,
whether,,whether,1,
which,,which,1,
while,,while,1,
whilst,,whilst,1,
whisper,,whisper,1,
white,,white,1,
who,,who,1,
whole,,whole,1,
why,,why,1,
wide,NGSL-F0257,wide,2,widely
widely,NGSL-F0257,wide,2,wide
wife,,wife,1,
wild,,wild,1,
will,,will,1,
win,,win,1,
wind,,wind,1,
window,,window,1,
wine,,wine,1,
wing,,wing,1,
winner,,winner,1,
winter,,winter,1,
wipe,,wipe,1,
wire,,wire,1,
wise,,wise,1,
wish,,wish,1,
with,,with,1,
withdraw,,withdraw,1,
within,,within,1,
without,,without,1,
witness,,witness,1,
woman,,woman,1,
wonder,NGSL-F0258,wonder,2,wonderful
wonderful,NGSL-F0258,wonder,2,wonder
wood,,wood,1,
wooden,,wooden,1,
word,,word,1,
work,,work,1,
worker,,worker,1,
world,,world,1,
worry,,worry,1,
worth,,worth,1,
would,,would,1,
wound,,wound,1,
wrap,,wrap,1,
write,,write,1,
writer,,writer,1,
wrong,,wrong,1,
yard,,yard,1,
yeah,,yeah,1,
year,,year,1,
yellow,,yellow,1,
yes,,yes,1,
yesterday,,yesterday,1,
yet,,yet,1,
yield,,yield,1,
you,,you,1,
young,,young,1,
yourself,,yourself,1,
youth,,youth,1,
zone,,zone,1,
